target,var1,var2,var3,var4,var5,var6,var7
0,509.180,417.681,Micronesia,138.000,393.000,no,2019-07-20 13:21:37
0,446.060,666.182,Dominica,81.000,352.050,yes,2019-04-04 21:30:46
1,235.500,398.097,Isle of Man,90.000,339.000,no,2019-03-03 02:59:37
0,306.020,518.163,Turkmenistan,102.000,439.250,yes,2019-03-19 08:00:58
0,453.080,600.156,Cameroon,105.000,422.950,no,2019-03-18 13:22:35
1,211.720,506.716,Liechtenstein,111.000,310.600,no,2019-03-18 13:00:12
0,401.420,627.294,French Guiana,78.000,390.050,no,2019-03-28 02:29:19
0,498.900,525.207,Barbados,129.000,408.750,yes,2019-06-07 05:41:16
1,257.900,651.209,Netherlands,147.000,280.200,no,2019-02-07 08:02:31
1,283.040,467.801,Chad,69.000,272.350,yes,2019-03-26 19:37:46
1,333.720,188.193,Algeria,90.000,289.300,yes,2019-07-08 17:14:01
0,440.160,703.248,Greenland,87.000,341.250,yes,2019-02-15 16:18:49
0,450.460,654.968,Dominica,114.000,412.900,no,2019-03-11 14:50:56
0,451.520,634.303,Armenia,75.000,338.550,no,2019-04-28 02:55:10
1,230.740,575.947,Equatorial Guinea,132.000,260.850,no,2019-02-24 06:17:18
0,461.860,612.276,Egypt,93.000,397.850,yes,2019-05-17 04:27:31
1,210.000,441.743,Austria,132.000,310.300,yes,2019-04-12 14:01:08
0,374.060,772.204,Equatorial Guinea,102.000,343.400,no,2019-07-15 09:42:19
1,231.820,498.228,Brunei Darussalam,99.000,257.900,yes,2019-04-24 13:46:10
0,398.580,541.062,Luxembourg,69.000,391.200,yes,2019-04-04 11:39:51
1,247.720,404.685,Grenada,138.000,223.600,no,2019-03-12 02:48:18
0,449.800,712.224,Belize,108.000,379.000,yes,2019-01-21 04:30:43
1,209.560,436.621,Brazil,126.000,297.950,no,2019-07-06 18:36:01
0,367.700,747.807,Jordan,93.000,350.200,no,2019-03-27 03:59:26
1,281.540,721.963,Mexico,114.000,271.850,yes,2019-06-25 18:17:53
0,340.260,549.524,United States of America,90.000,433.900,no,2019-02-18 23:08:59
1,299.580,467.373,Albania,102.000,183.650,no,2019-06-27 01:56:36
0,505.540,534.313,Argentina,87.000,346.750,no,2019-02-13 15:37:36
0,382.340,625.898,Saint Vincent and the Grenadines,135.000,440.200,no,2019-03-07 20:02:51
1,342.480,644.108,Eritrea,81.000,229.100,no,2019-02-10 20:43:38
1,215.120,488.674,Belarus,138.000,289.100,no,2019-04-06 14:16:52
0,373.960,485.372,Cyprus,63.000,379.200,yes,2019-02-07 07:41:06
1,301.580,432.419,Ethiopia,135.000,179.900,yes,2019-06-27 21:51:47
1,270.160,684.489,Taiwan,99.000,343.000,yes,2019-02-17 18:50:57
0,402.520,730.493,Guam,93.000,367.050,no,2019-01-16 08:01:40
0,466.080,633.944,Turkmenistan,108.000,406.050,yes,2019-01-02 09:30:11
1,258.020,356.848,Saudi Arabia,135.000,219.150,yes,2019-01-29 05:39:16
1,287.580,460.043,Bouvet Island (Bouvetoya),159.000,218.350,no,2019-07-21 21:16:35
0,470.020,608.795,Tanzania,117.000,417.000,yes,2019-04-07 01:57:38
1,241.800,373.452,South Africa,87.000,291.100,yes,2019-02-11 02:40:02
0,404.240,510.151,American Samoa,87.000,436.150,yes,2019-03-26 19:54:16
0,446.180,343.092,San Marino,159.000,406.100,no,2019-01-07 13:25:21
0,469.620,544.292,Brunei Darussalam,96.000,413.950,no,2019-02-24 10:36:43
1,400.440,515.102,Turks and Caicos Islands,96.000,176.650,yes,2019-06-05 22:11:34
0,436.340,483.761,Czech Republic,63.000,340.900,no,2019-02-09 22:04:54
1,322.320,239.753,Saint Pierre and Miquelon,162.000,274.600,yes,2019-06-13 13:59:51
1,281.660,391.326,Australia,174.000,297.550,yes,2019-06-16 02:01:24
0,380.240,721.547,Italy,84.000,353.050,yes,2019-04-16 05:24:33
1,391.380,397.997,Netherlands,174.000,225.550,yes,2019-01-05 16:26:44
0,500.060,534.123,Guinea,123.000,407.550,yes,2019-05-19 09:30:12
0,443.020,688.620,Grenada,90.000,372.650,no,2019-04-18 09:33:42
1,258.620,523.366,Svalbard & Jan Mayen Islands,147.000,224.900,yes,2019-04-10 00:13:47
0,449.640,697.583,France,90.000,355.700,yes,2019-06-21 00:52:47
1,250.440,501.998,Thailand,132.000,215.100,yes,2019-04-13 05:42:52
1,273.280,434.449,Singapore,162.000,234.400,yes,2019-02-04 08:53:37
1,288.540,328.475,French Guiana,156.000,231.850,yes,2019-01-05 00:02:53
0,401.180,675.161,Estonia,81.000,379.150,yes,2019-03-04 10:13:48
0,419.820,469.641,French Polynesia,117.000,457.150,no,2019-07-07 03:55:01
0,419.440,694.819,Svalbard & Jan Mayen Islands,96.000,395.450,no,2019-05-07 21:32:51
1,256.320,684.472,Morocco,129.000,339.700,yes,2019-05-01 00:23:13
1,398.500,567.351,Chad,150.000,186.600,no,2019-03-30 23:40:52
0,330.540,780.929,Western Sahara,123.000,330.700,yes,2019-03-23 08:52:31
1,278.020,602.490,Bouvet Island (Bouvetoya),93.000,230.650,yes,2019-02-01 09:00:55
0,494.620,666.991,Palau,99.000,327.000,yes,2019-02-12 22:51:08
1,282.680,293.592,Eritrea,93.000,237.400,yes,2019-06-30 00:19:33
0,461.560,569.093,India,87.000,402.300,yes,2019-06-04 09:13:29
0,422.780,605.507,Czech Republic,66.000,329.500,yes,2019-07-16 14:13:54
1,457.560,500.553,Andorra,78.000,231.400,no,2019-04-18 21:07:28
1,405.400,785.210,Saint Helena,123.000,339.250,no,2019-01-21 22:51:34
1,265.320,304.875,Mongolia,126.000,222.300,no,2019-01-15 19:40:47
0,445.820,705.106,Jamaica,108.000,387.350,no,2019-03-14 03:29:12
1,254.020,557.876,Belize,108.000,223.200,yes,2019-02-14 06:51:43
0,472.380,530.589,French Southern Territories,75.000,366.900,no,2019-04-21 09:30:35
1,241.260,433.861,Guyana,123.000,221.650,yes,2019-01-14 09:27:59
1,254.520,463.392,Tonga,78.000,280.050,yes,2019-07-05 18:59:45
0,512.780,580.377,France,93.000,332.350,no,2019-03-03 03:13:48
0,496.380,562.166,Chad,117.000,405.550,no,2019-07-13 11:41:29
0,420.780,656.202,Gabon,84.000,387.200,yes,2019-06-10 04:21:57
1,216.060,473.144,Palau,117.000,267.700,yes,2019-06-23 11:05:01
1,255.300,676.823,Netherlands,129.000,276.600,yes,2019-03-18 09:08:39
1,229.700,535.499,Bahamas,147.000,281.000,no,2019-04-21 18:31:27
0,341.800,639.365,Angola,96.000,421.250,no,2019-04-10 06:32:11
1,377.120,563.948,Gambia,156.000,189.350,no,2019-05-25 20:10:02
1,305.720,466.938,Taiwan,135.000,176.700,yes,2019-06-18 16:32:58
1,336.540,434.501,Tajikistan,168.000,212.200,yes,2019-02-10 15:23:17
1,336.820,256.827,Bulgaria,171.000,336.300,no,2019-05-27 05:54:03
1,340.080,368.842,Liechtenstein,141.000,177.450,yes,2019-04-13 07:07:36
1,320.980,369.135,Macedonia,126.000,174.800,no,2019-06-01 16:10:30
0,374.720,623.364,Fiji,90.000,420.400,no,2019-01-13 02:58:27
1,231.820,616.525,Montserrat,114.000,283.200,yes,2019-01-05 17:56:52
0,457.520,626.675,Morocco,99.000,408.050,yes,2019-04-17 15:46:03
1,264.760,543.247,Latvia,102.000,214.150,no,2019-04-23 09:42:08
0,357.500,652.802,Algeria,72.000,352.200,no,2019-06-06 21:26:51
1,349.100,283.573,Canada,153.000,210.250,no,2019-06-20 14:20:52
1,244.900,435.737,Liechtenstein,150.000,241.300,no,2019-06-18 22:31:22
1,439.580,609.539,Martinique,93.000,207.350,yes,2019-07-06 15:56:39
1,266.360,489.131,Lebanon,105.000,203.350,yes,2019-05-05 09:28:36
1,274.480,633.630,Suriname,135.000,223.900,no,2019-07-09 11:04:54
0,404.320,568.847,Guernsey,60.000,332.450,yes,2019-06-10 11:31:33
0,534.020,514.733,Peru,105.000,338.200,no,2019-07-02 20:23:15
0,415.060,355.219,Belarus,78.000,404.950,no,2019-06-10 03:56:41
1,224.380,602.235,Martinique,126.000,309.400,no,2019-07-23 11:46:28
1,291.460,483.352,Lithuania,96.000,196.500,yes,2019-02-24 04:11:37
0,430.080,664.120,Vietnam,99.000,406.850,yes,2019-01-15 01:20:05
1,258.320,533.368,Lao People's Democratic Republic,147.000,227.400,no,2019-05-19 04:23:41
1,313.080,270.864,Honduras,87.000,238.300,yes,2019-07-18 11:33:31
0,385.700,622.049,French Southern Territories,96.000,429.200,no,2019-06-09 21:43:05
0,474.780,692.857,Saint Pierre and Miquelon,105.000,358.800,yes,2019-05-26 13:18:30
0,462.740,620.534,Puerto Rico,78.000,351.450,no,2019-03-28 19:48:37
1,272.360,485.544,Costa Rica,99.000,204.400,no,2019-05-31 17:50:15
1,218.080,415.476,Canada,132.000,272.750,yes,2019-02-04 03:10:17
0,426.720,679.388,Tonga,111.000,414.350,yes,2019-06-28 20:13:41
1,309.860,224.560,Saint Lucia,99.000,238.700,no,2019-05-14 14:49:05
0,350.280,688.770,Syrian Arab Republic,114.000,418.300,yes,2019-02-18 03:58:36
1,240.120,570.098,Faroe Islands,105.000,249.050,no,2019-01-05 04:18:46
1,317.120,423.625,Afghanistan,177.000,256.900,yes,2019-06-17 17:11:16
0,462.420,738.845,Seychelles,114.000,340.550,yes,2019-01-07 21:21:50
1,382.520,147.755,Jersey,132.000,263.350,yes,2019-05-19 06:37:38
0,467.860,432.996,Greece,96.000,424.050,no,2019-07-04 23:17:47
1,234.600,413.358,Hong Kong,87.000,325.750,yes,2019-07-14 22:43:29
0,339.000,712.284,Burundi,87.000,360.400,yes,2019-03-09 14:45:33
1,225.440,364.249,Cyprus,138.000,345.750,yes,2019-07-24 00:22:16
1,247.440,527.233,Trinidad and Tobago,111.000,221.650,no,2019-01-08 09:32:26
1,312.720,248.529,Iran,123.000,209.100,yes,2019-05-26 22:49:47
0,478.440,561.134,Azerbaijan,87.000,388.150,yes,2019-02-14 17:05:15
0,424.760,703.772,Uruguay,90.000,367.850,yes,2019-03-20 08:22:50
0,407.680,683.490,Pakistan,78.000,347.500,yes,2019-02-27 13:51:44
0,450.100,605.140,Vanuatu,72.000,337.350,no,2019-03-20 07:12:52
1,247.600,260.240,Peru,126.000,346.000,yes,2019-06-17 09:58:46
1,369.880,533.096,Nauru,57.000,304.550,yes,2019-06-09 14:24:06
0,452.220,644.478,Turkey,117.000,417.350,yes,2019-05-15 20:48:40
0,409.120,676.862,Honduras,108.000,417.650,yes,2019-07-06 05:34:52
0,361.760,601.884,Hong Kong,84.000,419.450,no,2019-05-28 12:20:15
1,497.020,596.832,Hungary,87.000,334.000,yes,2019-07-11 13:23:37
0,420.520,576.694,Greece,93.000,430.950,no,2019-05-08 12:51:00
1,308.460,322.524,Australia,174.000,281.950,yes,2019-02-14 10:06:49
1,246.440,349.037,Macao,135.000,234.200,yes,2019-05-15 18:44:50
1,343.240,722.709,New Caledonia,93.000,252.600,yes,2019-01-23 15:02:13
0,438.980,712.967,France,99.000,375.750,no,2019-06-19 18:19:38
0,467.220,631.097,Saint Helena,87.000,369.400,yes,2019-01-04 06:37:15
0,477.980,545.416,Qatar,99.000,413.650,no,2019-05-20 21:31:24
0,495.800,640.216,Bahrain,117.000,378.250,no,2019-05-30 02:34:25
1,242.560,536.478,Macao,129.000,228.100,yes,2019-06-26 02:34:15
0,473.920,530.425,Italy,81.000,379.700,no,2019-02-16 12:05:45
1,269.200,255.988,Malta,120.000,240.150,no,2019-06-02 22:16:08
1,212.080,495.254,Turkey,132.000,295.650,no,2019-06-09 17:11:02
0,383.560,522.617,Morocco,81.000,428.850,no,2019-04-09 23:26:42
1,223.420,556.059,Ukraine,135.000,275.650,yes,2019-02-17 21:55:29
0,388.460,733.923,Rwanda,117.000,398.000,yes,2019-04-22 07:48:33
1,346.100,525.812,Guatemala,162.000,195.950,yes,2019-01-23 21:15:57
1,253.940,436.985,Saint Barthelemy,156.000,374.350,yes,2019-05-31 02:17:18
0,522.040,445.594,Afghanistan,120.000,385.350,yes,2019-03-01 10:01:35
1,227.380,586.777,Monaco,135.000,337.950,yes,2019-07-23 05:21:39
1,269.760,387.453,Sao Tome and Principe,114.000,200.750,no,2019-06-27 18:37:04
0,417.520,646.986,Serbia,93.000,409.750,no,2019-05-01 21:46:37
1,324.160,275.084,Liberia,117.000,194.650,yes,2019-03-11 06:49:10
0,492.880,647.751,Mongolia,111.000,374.200,no,2019-01-14 16:30:38
1,257.960,521.774,Malta,126.000,207.300,no,2019-05-23 08:06:24
1,239.680,413.563,Kazakhstan,87.000,286.750,yes,2019-04-23 14:34:38
1,500.720,331.472,Israel,93.000,262.800,no,2019-04-24 01:48:21
1,345.660,535.755,Turkmenistan,156.000,188.400,no,2019-02-17 13:16:33
0,292.380,705.756,Thailand,114.000,379.000,no,2019-04-18 11:23:05
1,243.140,386.412,Bosnia and Herzegovina,153.000,264.200,no,2019-06-29 10:50:45
0,463.820,571.960,United States Minor Outlying Islands,90.000,405.850,no,2019-06-03 07:00:36
0,400.560,640.086,Bangladesh,84.000,402.550,no,2019-01-08 02:34:06
1,215.840,392.115,Georgia,135.000,315.900,yes,2019-03-05 12:03:41
1,254.140,563.669,Hungary,132.000,401.550,yes,2019-04-18 15:54:33
0,366.960,642.878,Timor-Leste,81.000,397.600,no,2019-06-10 10:11:00
0,334.820,611.613,Georgia,87.000,413.450,no,2019-05-24 10:16:38
0,429.060,617.719,Cameroon,99.000,423.950,yes,2019-03-30 19:09:50
1,231.200,492.064,Mexico,138.000,246.050,yes,2019-02-28 03:34:35
1,295.500,437.789,Saudi Arabia,96.000,428.650,no,2019-07-10 17:24:51
1,223.880,448.937,Mauritania,102.000,266.500,yes,2019-05-06 21:07:31
1,336.000,631.001,Sao Tome and Principe,159.000,222.450,no,2019-04-23 06:28:43
1,295.220,332.938,Mali,75.000,261.750,no,2019-06-05 07:54:30
0,344.200,725.249,Togo,105.000,392.700,yes,2019-05-28 20:41:50
0,394.660,581.519,Anguilla,72.000,388.000,no,2019-05-26 15:40:26
1,416.420,428.614,South Africa,144.000,173.900,no,2019-03-24 02:01:55
0,499.620,665.228,South Africa,117.000,354.600,no,2019-07-21 20:30:06
1,280.300,612.290,Czech Republic,162.000,359.500,no,2019-04-22 20:32:17
1,234.700,464.731,Latvia,156.000,286.200,no,2019-06-29 21:39:42
1,331.120,421.916,Cambodia,129.000,167.600,yes,2019-05-09 21:54:38
1,238.600,627.226,Turkey,141.000,311.550,yes,2019-02-14 07:36:58
1,285.340,575.870,Falkland Islands (Malvinas),123.000,194.700,no,2019-07-15 09:08:42
0,404.500,509.837,Qatar,60.000,348.100,no,2019-02-26 22:46:43
1,277.740,636.490,Western Sahara,117.000,218.250,yes,2019-05-08 22:24:27
0,482.720,505.064,New Zealand,75.000,349.300,yes,2019-01-12 21:17:15
1,218.580,373.348,Wallis and Futuna,111.000,284.450,no,2019-05-25 00:19:57
1,221.860,593.979,Angola,123.000,310.700,no,2019-01-23 18:59:21
0,512.800,521.400,Thailand,96.000,368.600,no,2019-03-18 02:39:26
1,407.800,240.789,Burundi,114.000,202.350,yes,2019-07-22 07:44:43
1,257.240,530.418,Ethiopia,117.000,209.300,no,2019-03-26 15:28:07
0,450.940,667.738,Mauritius,123.000,409.500,yes,2019-06-11 06:47:55
0,396.900,606.376,Cambodia,63.000,298.050,no,2019-04-06 05:55:43
1,277.100,490.300,Portugal,156.000,218.850,no,2019-01-25 07:39:41
1,353.960,603.334,Madagascar,180.000,333.150,yes,2019-01-16 23:37:51
1,216.200,420.789,Taiwan,111.000,277.300,yes,2019-02-21 23:07:11
1,282.260,588.471,Iran,75.000,333.850,yes,2019-07-09 11:18:02
0,393.420,615.263,British Virgin Islands,69.000,365.900,no,2019-04-04 07:07:46
1,303.900,341.272,Samoa,69.000,330.050,yes,2019-06-21 03:14:41
0,477.160,677.148,Wallis and Futuna,105.000,369.750,yes,2019-04-10 14:48:35
0,428.160,666.368,Sweden,93.000,400.450,yes,2019-05-23 21:00:45
0,334.520,723.306,Yemen,102.000,386.750,yes,2019-03-09 12:10:08
1,250.220,349.423,Brunei Darussalam,117.000,397.550,no,2019-03-06 09:33:46
0,465.560,500.387,Swaziland,102.000,428.900,yes,2019-07-20 21:53:42
0,407.480,642.679,Pakistan,75.000,365.950,no,2019-01-19 12:18:13
1,309.500,499.427,Bahrain,114.000,174.300,yes,2019-06-18 17:56:32
1,216.540,487.589,Jersey,105.000,333.450,yes,2019-05-11 19:13:42
1,404.360,611.423,Cuba,84.000,208.650,no,2019-01-07 19:16:05
0,429.480,662.695,Gabon,93.000,401.950,yes,2019-05-03 08:21:23
1,289.060,473.389,Kiribati,120.000,181.850,no,2019-04-22 00:28:18
0,466.720,465.001,Greece,138.000,432.650,yes,2019-06-29 01:19:21
0,387.200,582.879,Madagascar,93.000,435.900,yes,2019-01-31 05:12:44
0,435.320,565.938,Italy,78.000,394.200,no,2019-06-29 07:20:46
0,482.060,465.579,Bhutan,75.000,361.150,no,2019-07-05 17:17:49
0,375.900,419.208,Guatemala,57.000,277.750,yes,2019-03-24 02:35:54
1,218.440,373.453,Guam,132.000,338.450,yes,2019-04-01 01:57:12
1,250.540,353.493,Liberia,114.000,225.400,yes,2019-03-27 08:32:37
1,223.180,458.005,Samoa,117.000,249.200,yes,2019-02-09 07:21:25
0,336.300,670.809,Gabon,87.000,388.300,yes,2019-06-19 22:08:15
0,324.060,427.602,Australia,102.000,446.850,no,2019-04-16 12:26:31
0,462.980,608.433,Gabon,75.000,329.000,no,2019-03-18 16:04:59
0,418.500,632.969,Moldova,81.000,390.550,no,2019-01-30 16:10:04
1,318.100,697.849,Netherlands Antilles,81.000,315.200,yes,2019-07-10 16:25:56
1,328.500,664.298,Cote d'Ivoire,75.000,280.800,no,2019-01-22 19:43:53
1,264.140,344.181,Palau,144.000,225.850,no,2019-01-27 14:41:10
1,274.560,425.812,Saint Vincent and the Grenadines,114.000,192.600,no,2019-03-27 23:59:06
0,439.440,332.392,Mongolia,84.000,406.450,yes,2019-02-15 20:41:05
0,439.500,575.187,Bahamas,72.000,372.700,yes,2019-03-30 16:15:59
0,437.220,421.629,Eritrea,63.000,328.850,no,2019-03-18 17:35:40
1,274.860,700.533,Guinea,144.000,316.800,yes,2019-06-23 01:22:43
1,216.500,389.874,Switzerland,135.000,301.950,no,2019-03-02 15:39:02
0,355.560,502.160,Paraguay,96.000,446.700,no,2019-03-21 21:15:54
0,423.740,560.674,Eritrea,66.000,355.000,yes,2019-03-14 06:46:14
1,299.340,595.500,Puerto Rico,72.000,278.950,yes,2019-02-20 20:47:05
1,389.660,482.466,Mongolia,96.000,173.300,yes,2019-07-14 12:07:10
0,316.100,722.100,Finland,90.000,328.250,yes,2019-07-02 21:22:23
0,458.380,711.571,Greenland,120.000,379.050,yes,2019-03-27 19:50:11
1,311.600,762.470,Pakistan,129.000,336.400,no,2019-04-03 21:13:46
0,472.580,547.740,Myanmar,105.000,422.650,yes,2019-03-26 00:32:02
0,391.860,601.518,Mexico,96.000,432.900,no,2019-02-26 23:44:44
1,306.240,714.556,Guyana,153.000,298.200,no,2019-05-03 01:09:01
1,278.840,726.844,Dominican Republic,126.000,283.300,yes,2019-02-20 10:52:51
0,445.500,656.535,Nicaragua,84.000,367.300,no,2019-05-15 14:41:49
0,375.520,702.256,Tonga,120.000,416.300,no,2019-01-02 14:36:03
1,221.320,577.390,New Zealand,126.000,286.000,yes,2019-03-19 11:09:36
0,476.900,698.697,Panama,99.000,330.850,yes,2019-01-20 00:26:15
0,462.560,710.552,South Africa,114.000,373.050,no,2019-04-06 23:10:40
0,502.160,675.119,Bolivia,132.000,297.600,no,2019-05-27 18:45:35
1,270.480,674.310,New Caledonia,147.000,281.500,no,2019-02-03 19:12:51
0,406.880,755.606,Croatia,99.000,350.250,yes,2019-03-24 17:48:31
0,442.360,658.164,Myanmar,117.000,417.750,no,2019-06-08 20:13:27
1,381.900,657.735,Denmark,120.000,188.700,yes,2019-05-27 12:45:37
1,291.700,325.936,Algeria,108.000,199.300,yes,2019-06-26 17:16:26
0,423.740,438.705,Zambia,96.000,443.600,no,2019-01-03 17:10:05
0,506.960,531.853,Brazil,138.000,391.750,yes,2019-01-11 02:07:14
0,432.000,704.490,China,132.000,399.850,yes,2019-07-13 01:48:46
0,414.540,550.151,Pakistan,72.000,391.850,yes,2019-01-23 04:47:37
1,289.540,547.557,Palestinian Territory,90.000,212.550,no,2019-01-15 19:45:33
0,389.120,662.626,Netherlands Antilles,108.000,426.850,no,2019-01-27 17:08:19
0,488.680,567.298,Jersey,93.000,384.950,no,2019-06-22 07:33:21
1,329.660,326.357,Burundi,156.000,207.450,yes,2019-05-20 08:49:33
1,297.860,312.159,Bangladesh,129.000,196.700,yes,2019-04-17 21:39:11
1,248.760,659.538,Korea,132.000,278.000,no,2019-06-14 11:59:58
0,435.360,704.926,Cambodia,132.000,397.700,no,2019-01-05 16:34:31
1,270.620,670.502,Zambia,102.000,257.500,yes,2019-03-15 11:25:48
1,216.300,377.132,Bahamas,120.000,284.950,yes,2019-07-16 23:08:54
1,250.920,257.391,Turkey,123.000,269.600,no,2019-06-12 11:17:25
1,236.780,310.875,British Indian Ocean Territory (Chagos Archipelago),108.000,273.500,no,2019-02-13 07:53:55
0,413.580,608.456,Greece,78.000,397.200,yes,2019-05-15 13:18:34
1,240.740,424.157,Mongolia,153.000,258.150,no,2019-02-01 17:24:57
1,265.420,528.020,Heard Island and McDonald Islands,150.000,224.800,no,2019-01-02 12:25:36
0,445.440,593.410,Philippines,93.000,417.400,no,2019-03-04 13:47:47
1,211.880,475.754,Djibouti,111.000,291.050,yes,2019-02-07 17:06:35
1,227.060,326.890,Ireland,114.000,280.700,no,2019-02-03 07:59:16
0,381.900,717.275,Kyrgyz Republic,84.000,354.500,yes,2019-06-17 23:19:38
0,345.620,616.180,Kuwait,69.000,359.450,no,2019-02-03 23:47:56
0,508.100,493.255,Philippines,99.000,386.000,no,2019-02-12 20:36:40
0,461.540,504.684,Niue,75.000,383.800,no,2019-05-26 13:28:36
0,409.640,697.182,Iran,87.000,378.200,no,2019-03-15 19:35:19
0,494.020,567.255,Malta,84.000,349.750,yes,2019-04-28 01:24:34
0,451.940,668.617,Austria,81.000,343.600,yes,2019-02-23 17:37:46
1,283.780,457.165,Czech Republic,132.000,187.350,no,2019-01-26 03:56:18
1,291.920,313.434,Vietnam,114.000,199.250,yes,2019-01-03 03:22:15
0,397.580,634.292,Belgium,81.000,396.100,no,2019-03-11 12:39:19
1,270.360,332.581,Guinea,90.000,237.650,yes,2019-04-03 05:10:31
1,276.700,713.925,Jersey,129.000,349.500,yes,2019-05-13 11:51:10
0,435.700,651.722,Fiji,84.000,384.050,no,2019-07-03 12:57:03
1,246.560,567.595,Papua New Guinea,87.000,302.650,yes,2019-05-09 10:21:48
1,225.040,578.060,Korea,111.000,278.550,no,2019-03-06 23:26:44
0,331.300,524.162,Moldova,75.000,406.600,yes,2019-03-08 05:12:57
0,316.580,581.143,Gibraltar,105.000,436.750,no,2019-01-26 02:47:17
0,416.100,662.257,Israel,87.000,393.400,yes,2019-01-16 16:40:30
1,287.880,744.452,Saint Pierre and Miquelon,114.000,312.100,yes,2019-07-19 07:59:18
1,268.840,677.822,Bosnia and Herzegovina,135.000,256.500,no,2019-04-22 02:07:01
1,255.640,630.061,Grenada,105.000,250.900,no,2019-06-20 04:24:41
0,335.340,526.918,Bolivia,69.000,390.900,yes,2019-06-09 19:32:27
0,467.120,731.045,Jersey,111.000,336.800,yes,2019-07-06 16:00:33
0,432.980,611.721,El Salvador,87.000,405.500,no,2019-07-08 03:47:41
1,223.260,442.751,Andorra,102.000,266.650,no,2019-03-14 04:34:35
0,496.320,554.796,Moldova,123.000,407.900,yes,2019-01-27 17:55:44
0,451.160,738.900,Iceland,105.000,341.850,yes,2019-06-03 03:36:18
0,388.740,720.429,Algeria,99.000,390.750,yes,2019-03-07 22:32:15
1,229.060,484.677,United Kingdom,126.000,239.500,yes,2019-02-24 19:08:11
1,270.500,617.571,Korea,114.000,218.150,no,2019-05-25 19:45:16
1,266.840,616.909,Spain,126.000,220.800,no,2019-05-25 00:34:59
1,236.320,491.017,Antigua and Barbuda,135.000,233.300,yes,2019-03-09 02:07:17
0,472.160,657.564,Namibia,102.000,385.250,yes,2019-05-17 18:06:46
1,270.480,677.813,United Arab Emirates,114.000,249.200,no,2019-05-18 03:19:03
0,428.460,517.396,Bosnia and Herzegovina,72.000,397.600,yes,2019-04-20 21:49:22
0,416.040,700.128,Uruguay,96.000,393.800,no,2019-04-20 10:04:29
0,509.880,631.079,Micronesia,102.000,315.550,no,2019-03-17 22:59:46
0,455.440,642.643,Samoa,78.000,350.150,no,2019-05-22 20:49:37
0,485.180,661.770,Cameroon,93.000,338.800,yes,2019-05-24 17:42:58
1,255.120,553.170,Guam,105.000,223.650,no,2019-01-27 18:25:42
0,367.640,556.423,Ghana,60.000,349.400,no,2019-07-11 01:42:51
0,463.900,507.117,Western Sahara,111.000,435.800,no,2019-03-16 20:33:10
0,421.080,722.729,Micronesia,96.000,370.100,yes,2019-03-09 14:57:11
1,244.620,284.952,Senegal,129.000,264.200,yes,2019-07-16 10:14:04
0,504.720,597.842,Tunisia,90.000,321.200,yes,2019-04-16 11:53:43
0,316.840,662.917,Croatia,120.000,419.850,no,2019-02-02 11:49:18
1,303.440,461.976,Peru,135.000,178.300,yes,2019-04-29 14:08:26
1,273.180,687.378,Turkmenistan,117.000,249.750,yes,2019-03-24 09:12:52
0,385.000,597.976,Slovakia (Slovak Republic),87.000,425.050,yes,2019-05-03 16:02:50
1,283.920,488.677,Martinique,84.000,220.750,no,2019-01-22 15:03:25
1,304.980,492.700,Bhutan,,444.850,yes,2019-06-11 18:32:12
1,302.360,515.935,Micronesia,,177.750,yes,2019-01-13 20:38:35
1,261.680,386.454,Dominican Republic,,412.450,yes,2019-05-31 00:58:37
1,317.600,155.983,Azerbaijan,,323.150,no,2019-06-12 03:11:04
0,465.080,606.384,Niue,,421.450,yes,2019-01-27 20:47:57
1,259.600,700.055,Equatorial Guinea,,324.400,no,2019-02-14 22:23:30
0,332.380,779.887,Malawi,,311.300,yes,2019-05-26 15:40:12
1,307.520,398.406,Canada,,423.650,yes,2019-02-21 07:42:48
1,226.240,516.369,Egypt,,347.850,no,2019-06-03 01:14:41
1,233.060,516.333,Senegal,,359.300,yes,2019-05-17 06:14:20
0,443.060,701.791,Dominica,,382.800,no,2019-04-23 08:15:31
0,385.860,646.547,Saint Vincent and the Grenadines,,429.200,no,2019-06-15 05:30:13
0,447.860,734.748,Papua New Guinea,,362.650,yes,2019-07-21 10:01:50
1,261.660,633.369,Uganda,,387.800,no,2019-05-19 03:52:24
1,331.240,338.131,Tonga,,178.950,no,2019-04-20 13:36:42
0,467.700,575.456,Mali,,325.350,yes,2019-01-03 07:13:53
0,359.640,657.048,Belarus,,413.600,yes,2019-01-17 05:07:11
1,324.100,669.803,Ghana,,393.800,yes,2019-07-23 04:04:42
0,457.620,472.586,Japan,,381.000,no,2019-03-02 06:35:08
1,284.420,402.438,Central African Republic,,197.650,no,2019-06-01 12:27:17
0,502.000,577.569,Angola,,360.050,yes,2019-02-29 12:31:57
0,464.420,567.358,Gabon,,411.500,yes,2019-04-16 08:36:08
0,328.040,769.842,Sweden,,271.750,yes,2019-06-20 08:22:09
0,444.500,711.365,Ecuador,,383.500,yes,2019-06-12 05:31:19
1,250.240,640.113,Yemen,,364.400,yes,2019-04-21 19:56:24
1,221.680,469.310,Belarus,,296.800,yes,2019-07-01 01:12:04
0,430.360,619.221,Norfolk Island,,422.650,no,2019-07-11 09:32:53
0,500.700,612.752,Saint Lucia,,360.950,no,2019-05-19 11:16:59
0,381.500,665.740,Cambodia,,417.450,no,2019-06-03 17:32:47
1,414.360,297.278,Somalia,,422.250,yes,2019-07-13 04:10:53
0,396.480,573.304,Lesotho,,449.000,yes,2019-02-02 04:57:50
1,343.080,139.965,El Salvador,,342.900,no,2019-07-06 12:04:29
1,319.200,256.039,Spain,,411.900,yes,2019-07-18 01:36:37
0,416.460,631.153,Bouvet Island (Bouvetoya),,429.300,yes,2019-05-23 02:15:04
0,470.700,547.748,Kyrgyz Republic,,384.350,no,2019-05-29 21:17:10
1,298.400,396.160,Turks and Caicos Islands,,263.400,no,2019-07-16 05:56:42
0,380.340,510.495,Timor-Leste,,327.650,no,2019-06-20 02:25:12
0,425.580,632.749,Papua New Guinea,,388.250,yes,2019-02-04 13:30:32
0,492.120,621.098,Portugal,,378.550,yes,2019-03-11 10:01:23
0,435.580,732.071,Rwanda,,373.100,yes,2019-04-04 08:19:54
1,331.040,559.937,El Salvador,,179.900,no,2019-03-10 23:26:54
0,437.600,504.395,Cook Islands,,444.450,no,2019-07-17 18:55:38
0,458.440,654.619,Seychelles,,409.900,yes,2019-04-15 11:51:14
0,392.340,778.717,Cyprus,,334.150,no,2019-02-28 23:10:32
1,260.800,566.817,Moldova,,214.700,no,2019-04-12 12:35:39
1,250.900,623.184,Kenya,,337.800,yes,2019-04-25 21:15:39
0,459.980,704.956,Somalia,,369.450,no,2019-06-26 17:25:55
0,403.160,613.895,Luxembourg,,421.850,yes,2019-04-12 03:26:39
0,468.460,557.644,Sudan,,399.150,no,2019-05-18 19:33:51
0,500.220,517.726,Vanuatu,,392.900,no,2019-04-16 10:36:49
0,443.960,577.375,Reunion,,435.450,no,2019-04-21 16:10:50
0,428.840,639.764,Puerto Rico,,381.200,yes,2019-06-07 01:29:06
0,432.480,673.014,Luxembourg,,366.350,no,2019-05-22 15:17:25
0,398.860,603.096,Rwanda,,360.200,yes,2019-02-10 06:52:07
1,417.160,713.846,Lebanon,,364.850,no,2019-02-11 21:49:00
0,445.540,626.696,Ukraine,,413.400,no,2019-06-20 09:35:02
1,240.500,491.585,Guernsey,,298.500,yes,2019-05-10 14:12:31
1,292.260,596.108,Guernsey,,199.800,no,2019-04-15 06:08:35
1,395.320,771.436,Samoa,,299.800,yes,2019-01-14 08:27:04
0,499.980,589.966,Ireland,,258.250,yes,2019-05-25 10:39:28
0,453.480,597.616,Norway,,299.950,no,2019-05-19 14:30:17
1,319.540,439.745,American Samoa,,177.450,yes,2019-04-08 14:35:44
1,391.080,158.791,Tajikistan,,290.250,no,2019-02-12 10:39:10
1,237.200,585.439,Venezuela,,263.500,no,2019-05-08 12:12:04
1,425.160,302.280,Senegal,,278.000,yes,2019-01-14 14:00:09
0,365.300,384.277,Russian Federation,,379.600,yes,2019-02-26 01:18:44
0,371.700,746.233,United States Virgin Islands,,344.750,no,2019-03-15 20:19:20
1,236.540,409.269,Ethiopia,,260.650,no,2019-01-28 17:03:54
1,329.260,667.848,Finland,,230.400,no,2019-07-21 10:54:35
1,297.220,320.068,Northern Mariana Islands,,274.400,yes,2019-05-15 01:03:06
0,357.840,616.010,Bulgaria,,430.300,no,2019-03-31 20:55:22
0,361.540,545.201,Congo,,454.850,yes,2019-02-16 18:21:36
0,434.200,694.287,Czech Republic,,364.600,no,2019-03-15 17:33:15
0,387.600,660.251,Albania,,398.600,no,2019-05-20 12:17:59
0,372.740,686.150,Costa Rica,,403.600,yes,2019-04-19 05:15:28
0,385.200,793.323,Palau,,303.500,no,2019-06-06 22:41:24
1,210.080,431.552,Poland,,316.850,no,2019-03-23 12:53:23
1,273.880,566.941,Algeria,,352.900,yes,2019-02-26 09:18:48
0,385.620,679.908,Ecuador,,384.150,yes,2019-03-04 14:33:38
1,283.160,561.299,United Arab Emirates,,227.650,yes,2019-04-22 22:01:21
0,423.280,675.269,Georgia,,382.950,yes,2019-06-18 05:17:33
0,439.960,464.228,Austria,,393.800,no,2019-01-08 08:08:47
0,386.580,722.040,Costa Rica,,359.500,no,2019-04-24 07:20:16
1,316.440,518.688,Egypt,,178.050,yes,2019-03-28 08:46:26
0,409.580,648.280,Monaco,,393.700,no,2019-05-27 15:25:52
0,451.980,403.455,Wallis and Futuna,,370.300,yes,2019-07-23 06:18:51
1,251.880,352.540,Bulgaria,,307.850,no,2019-03-14 14:13:05
0,453.280,670.333,Poland,,342.350,yes,2019-06-25 00:33:23
1,282.720,663.490,French Southern Territories,,225.250,yes,2019-05-05 11:09:29
0,469.440,623.308,Gambia,,396.800,no,2019-01-02 04:50:44
1,281.340,364.972,Comoros,,194.800,no,2019-07-21 16:02:40
0,477.260,529.682,Albania,,364.200,yes,2019-07-08 21:18:32
1,227.500,594.198,Niger,,274.800,no,2019-02-28 09:31:31
1,240.920,547.874,Ethiopia,,316.300,no,2019-03-02 04:02:45
0,462.960,736.090,Faroe Islands,,345.550,no,2019-04-21 12:34:28
0,500.640,610.676,Switzerland,,360.950,no,2019-04-22 19:45:19
0,362.220,564.570,Brazil,,382.450,yes,2019-03-25 05:05:27
1,240.120,608.034,French Guiana,,266.900,no,2019-03-30 01:05:34
1,216.320,499.956,Belarus,,354.600,no,2019-05-05 07:58:22
0,439.820,680.169,British Virgin Islands,,402.750,yes,2019-03-28 23:01:24
1,221.360,471.605,France,,369.450,yes,2019-04-20 00:41:53
1,322.580,504.570,Bahrain,,188.250,no,2019-03-09 06:22:03
1,295.280,524.009,Estonia,,182.200,no,2019-05-31 06:21:02
1,323.540,514.632,Ecuador,,200.050,yes,2019-03-01 22:06:37
1,301.660,594.484,Venezuela,,205.800,no,2019-03-28 09:15:58
1,213.720,433.137,Kenya,,301.150,yes,2019-03-08 18:00:43
0,409.720,575.196,Niger,,402.350,yes,2019-02-11 13:26:22
0,442.420,726.834,Trinidad and Tobago,,345.000,no,2019-02-11 04:37:34
1,323.160,480.989,Poland,,200.200,yes,2019-05-08 10:25:08
0,444.520,520.792,Cyprus,,445.000,no,2019-01-26 15:56:55
1,324.860,205.930,Malawi,,252.400,yes,2019-05-16 18:51:59
0,489.100,507.237,Malaysia,,420.200,yes,2019-07-20 09:27:24
0,427.500,680.302,Brunei Darussalam,,382.800,yes,2019-03-08 10:39:16
1,291.960,581.830,Guatemala,,192.300,no,2019-04-06 11:24:21
0,399.580,760.035,Malawi,,359.200,no,2019-05-08 22:47:18
0,472.300,554.111,Isle of Man,,369.700,no,2019-01-24 01:53:14
1,286.260,592.435,Western Sahara,,197.800,no,2019-05-13 11:57:12
1,260.820,537.006,American Samoa,,237.550,no,2019-05-21 01:36:16
1,334.840,705.928,Australia,,219.200,yes,2019-06-28 09:19:06
0,402.480,662.653,Tuvalu,,386.450,no,2019-02-15 03:43:55
0,423.660,634.976,Guam,,393.850,yes,2019-01-01 08:27:06
0,473.740,639.667,Malaysia,,397.000,yes,2019-04-01 09:21:14
1,264.160,479.978,American Samoa,,413.950,yes,2019-02-01 00:52:29
0,410.760,467.221,Panama,,410.350,no,2019-06-20 06:30:06
0,449.960,708.897,Croatia,,350.650,yes,2019-05-16 23:21:06
1,286.080,506.665,Saint Vincent and the Grenadines,,215.800,no,2019-03-05 20:53:19
1,218.680,410.596,Zambia,,263.500,no,2019-01-31 08:50:38
1,280.920,412.292,Antarctica (the territory South of 60 deg S),,191.850,yes,2019-05-13 06:09:28
1,301.600,563.697,Philippines,,194.550,no,2019-07-13 07:41:42
0,387.940,503.379,Sri Lanka,,410.350,yes,2019-06-14 07:02:09
1,252.880,658.997,Hungary,,310.900,yes,2019-05-20 00:00:48
0,460.280,705.472,Christmas Island,,362.200,yes,2019-04-15 14:45:48
1,335.720,312.810,Antigua and Barbuda,,187.250,yes,2019-04-10 03:30:16
0,428.660,738.829,Norfolk Island,,241.100,yes,2019-03-22 19:14:47
1,246.500,516.622,Albania,,218.150,no,2019-03-15 14:06:17
1,338.800,310.724,Japan,,356.650,yes,2019-03-15 06:54:21
0,409.040,603.726,Philippines,,425.150,yes,2019-06-19 09:24:35
1,353.040,738.633,Seychelles,,263.100,yes,2019-02-01 20:30:35
1,321.460,591.440,Egypt,,217.050,yes,2019-02-05 15:26:37
1,303.260,661.876,Albania,,282.300,yes,2019-04-07 18:52:57
0,387.540,684.419,Nauru,,401.150,no,2019-04-04 01:39:02
1,356.700,298.758,Brazil,,225.050,yes,2019-06-03 21:43:21
1,320.060,177.100,Belize,,249.450,no,2019-04-16 12:09:25
1,245.180,415.213,Sweden,,356.150,yes,2019-01-05 11:53:17
0,469.280,660.506,Qatar,,394.150,no,2019-05-08 12:08:26
0,428.980,551.956,Greenland,,400.750,yes,2019-07-18 02:51:19
0,411.280,386.092,Bolivia,,344.100,no,2019-07-11 15:45:23
1,301.220,752.549,Israel,,325.950,yes,2019-02-17 11:42:00
1,285.620,497.428,Antigua and Barbuda,,185.250,no,2019-02-03 05:47:09
0,396.640,755.248,Burkina Faso,,381.200,no,2019-05-31 23:42:26
0,471.940,583.426,Monaco,,398.050,yes,2019-04-04 21:23:13
0,419.860,616.287,Korea,,436.450,no,2019-03-23 09:43:43
0,471.980,519.754,Dominican Republic,,373.150,no,2019-07-05 20:16:13
1,214.380,512.573,Armenia,,336.950,yes,2019-01-24 13:41:38
0,457.400,635.802,Mexico,,330.850,yes,2019-05-02 00:01:56
1,323.580,524.620,Bahamas,,196.800,no,2019-01-14 20:58:10
0,368.060,630.606,Bosnia and Herzegovina,,436.300,yes,2019-05-12 04:35:59
1,227.600,390.319,Cote d'Ivoire,,330.600,yes,2019-02-15 07:27:41
1,256.960,336.018,Cuba,,220.650,no,2019-03-03 20:20:32
1,242.480,431.114,Saint Vincent and the Grenadines,,220.550,no,2019-04-20 16:49:15
0,425.760,674.325,Saint Martin,,409.900,yes,2019-06-04 09:25:27
0,461.900,707.839,Malta,,360.150,no,2019-07-05 22:33:48
0,404.680,589.530,Bosnia and Herzegovina,,362.750,yes,2019-02-08 07:33:22
1,232.380,630.713,Saint Barthelemy,,316.500,yes,2019-05-09 07:13:27
1,230.520,561.809,Micronesia,,268.400,no,2019-02-16 09:11:27
1,276.700,243.166,Togo,,323.350,no,2019-02-14 16:33:29
1,249.340,479.683,Vietnam,,217.450,yes,2019-06-14 12:08:10
1,316.440,367.824,Kenya,,185.000,no,2019-03-24 06:36:52
1,444.220,577.771,Papua New Guinea,,193.150,yes,2019-04-07 10:51:05
1,243.620,282.658,Indonesia,,327.950,yes,2019-03-22 06:41:38
1,408.540,518.240,Christmas Island,,436.350,no,2019-03-06 06:51:23
1,354.920,492.829,Ecuador,,164.950,yes,2019-04-30 19:42:04
1,281.900,430.738,France,,222.000,no,2019-06-30 00:43:40
1,320.660,569.841,Cayman Islands,,421.450,no,2019-06-26 02:06:59
1,227.400,454.005,Samoa,,293.000,yes,2019-01-28 07:10:29
0,479.880,608.030,Bermuda,,404.700,yes,2019-01-01 05:31:22
0,470.580,624.306,Taiwan,,394.200,no,2019-04-09 09:26:39
1,301.680,240.301,Afghanistan,,400.150,yes,2019-07-23 14:47:23
1,237.380,475.104,Zimbabwe,,336.750,yes,2019-04-28 21:58:25
1,217.400,360.373,Tuvalu,,319.000,no,2019-03-19 00:27:58
1,284.080,341.912,Bangladesh,,243.650,yes,2019-07-09 16:23:33
0,491.780,548.062,Italy,,370.750,no,2019-01-10 02:31:19
1,223.600,578.876,Sierra Leone,,284.650,yes,2019-06-10 00:35:15
0,384.540,652.278,Burundi,,390.850,no,2019-04-26 20:57:48
1,303.860,578.772,Barbados,,309.100,no,2019-02-06 17:48:28
1,299.600,705.826,Tokelau,,236.150,no,2019-06-22 05:22:58
1,296.380,499.113,Micronesia,,197.500,no,2019-01-28 16:42:36
0,415.740,666.912,Azerbaijan,,417.000,yes,2019-05-22 21:54:23
1,309.480,751.802,Luxembourg,,272.150,no,2019-05-31 09:06:29
1,277.420,307.263,Timor-Leste,,344.700,yes,2019-04-19 07:34:28
1,211.380,429.958,Kuwait,,303.600,yes,2019-02-28 18:52:44
1,362.040,516.916,South Africa,,164.550,yes,2019-07-17 14:26:04
0,449.160,618.063,Kyrgyz Republic,,401.100,yes,2019-07-05 15:14:10
1,267.620,455.809,Dominica,,288.200,no,2019-03-15 03:12:25
0,405.220,576.919,Russian Federation,,424.900,yes,2019-04-27 09:27:58
0,402.300,637.275,Venezuela,,405.150,yes,2019-01-06 13:20:01
0,366.860,477.084,Burundi,,428.050,yes,2019-04-30 08:07:13
1,374.180,638.913,South Georgia and the South Sandwich Islands,,211.600,no,2019-02-14 04:14:13
1,393.660,353.506,Liberia,,198.800,no,2019-02-08 14:02:22
0,481.260,664.319,India,,363.800,no,2019-05-10 04:28:55
1,326.960,655.760,Uganda,,197.350,no,2019-07-06 23:09:07
1,343.800,525.632,Guadeloupe,,271.950,no,2019-02-29 18:06:21
0,406.600,635.288,Uruguay,,404.350,yes,2019-02-27 20:20:25
1,307.960,442.485,Jamaica,,231.550,no,2019-03-24 13:37:53
0,405.540,702.037,Swaziland,,311.300,yes,2019-06-08 12:25:49
1,238.540,484.536,China,,227.200,yes,2019-05-04 05:01:37
1,258.660,283.874,Tuvalu,,290.150,yes,2019-06-29 09:04:31
0,455.060,739.419,Anguilla,,325.350,no,2019-03-11 00:05:48
0,473.920,584.440,Algeria,,395.900,yes,2019-01-10 20:18:21
0,369.760,602.840,Iceland,,385.700,no,2019-01-21 18:51:01
1,338.800,418.514,Taiwan,,377.750,yes,2019-02-19 07:29:30
0,457.620,624.760,Libyan Arab Jamahiriya,,390.950,yes,2019-01-31 06:14:10
1,258.460,582.958,Greece,,259.750,yes,2019-07-19 08:32:10
0,481.280,590.479,Paraguay,,388.750,no,2019-06-22 17:19:09
1,312.600,649.272,Lithuania,,199.700,yes,2019-01-08 22:47:10
0,463.180,658.834,Singapore,,384.200,yes,2019-03-03 22:31:16
0,370.920,404.788,Palestinian Territory,,304.150,no,2019-02-19 20:49:27
0,481.900,549.899,Belize,,421.650,yes,2019-03-16 00:28:10
1,365.300,519.205,Kazakhstan,,456.850,no,2019-04-01 07:37:18
1,272.360,658.567,Ethiopia,,233.050,yes,2019-01-01 20:17:49
1,334.140,426.503,Turkey,,166.050,no,2019-05-10 17:39:06
1,220.500,372.125,Chile,,288.200,no,2019-01-18 15:18:01
1,463.740,183.686,Luxembourg,,313.950,no,2019-05-30 20:08:51
0,461.820,466.538,Gibraltar,,440.600,yes,2019-02-17 07:05:57
1,247.280,378.387,Guyana,,230.650,no,2019-01-09 05:44:56
1,316.700,401.351,United States Virgin Islands,,372.950,no,2019-02-15 16:52:04
0,407.740,698.742,Cayman Islands,,370.900,yes,2019-01-20 02:31:36
1,303.920,507.602,Hong Kong,,200.900,yes,2019-06-25 04:21:33
0,326.100,643.958,Singapore,,372.050,yes,2019-07-23 04:37:05
0,408.800,515.014,Bahrain,,448.550,no,2019-02-17 07:00:38
0,390.720,723.259,Svalbard & Jan Mayen Islands,,362.250,no,2019-01-11 06:02:27
0,470.560,518.648,Serbia,,318.000,no,2019-06-01 09:27:34
0,327.980,756.875,Suriname,,357.750,no,2019-07-20 23:08:28
1,292.880,217.732,Norfolk Island,,284.550,yes,2019-04-01 05:17:28
1,318.920,765.606,United States of America,,276.000,no,2019-05-30 07:36:31
0,445.740,532.236,Burundi,,419.550,yes,2019-01-04 22:27:25
0,421.060,440.782,Reunion,,446.050,yes,2019-07-19 12:05:58
0,471.880,556.771,Canada,,383.950,yes,2019-05-01 23:21:53
0,389.240,683.059,Zimbabwe,,419.900,yes,2019-02-24 00:44:44
1,347.500,325.500,Tokelau,,201.700,yes,2019-03-30 05:29:38
0,483.000,662.173,Poland,,383.200,no,2019-02-09 23:38:30
1,326.000,520.973,Holy See (Vatican City State),,187.550,no,2019-03-21 18:46:41
0,419.280,637.643,Costa Rica,,433.150,no,2019-04-06 21:20:07
1,312.220,253.715,Marshall Islands,,215.800,no,2019-07-06 03:40:17
1,290.960,474.479,Christmas Island,,191.750,no,2019-06-16 20:24:33
0,390.620,741.662,Korea,,381.600,no,2019-06-23 00:16:02
1,295.840,654.999,Serbia,,230.200,yes,2019-05-30 20:07:59
0,469.500,514.094,Ukraine,,393.700,yes,2019-06-18 19:10:14
0,391.360,570.324,Iran,,428.100,yes,2019-04-14 21:37:49
0,459.760,571.799,Bahamas,,399.000,no,2019-04-08 22:40:55
0,463.880,567.918,Benin,,247.900,yes,2019-04-07 16:02:02
1,258.820,239.369,Palestinian Territory,,276.950,yes,2019-01-30 19:20:41
1,251.300,279.646,Yemen,,251.600,yes,2019-04-27 18:25:30
1,338.460,255.833,Maldives,,295.250,no,2019-07-15 05:05:14
0,450.000,678.669,Wallis and Futuna,,404.800,no,2019-01-17 04:12:30
1,309.940,768.938,Latvia,,304.700,yes,2019-02-14 07:30:24
0,443.880,764.353,Ukraine,,329.100,yes,2019-02-09 05:28:18
0,362.500,696.464,Somalia,,327.800,no,2019-01-05 12:59:07
1,263.960,564.356,Senegal,,282.850,yes,2019-01-23 13:14:18
0,446.320,658.265,Holy See (Vatican City State),,407.950,yes,2019-07-04 11:03:49
0,368.200,745.359,Bouvet Island (Bouvetoya),,353.950,yes,2019-03-15 15:49:14
0,473.500,665.042,Peru,,317.150,no,2019-04-15 10:18:55
1,332.580,256.863,Antarctica (the territory South of 60 deg S),,218.350,no,2019-02-28 06:41:44
1,259.760,341.911,United States of America,,253.000,no,2019-05-03 12:57:19
1,346.860,490.905,Cayman Islands,,401.500,yes,2019-04-04 20:01:12
0,450.580,585.260,United Kingdom,,399.700,yes,2019-05-03 21:19:58
0,484.740,570.148,Israel,,365.500,yes,2019-01-25 07:52:53
0,369.960,368.340,Cyprus,,455.750,yes,2019-02-22 07:04:05
1,334.440,689.623,Tokelau,,206.950,yes,2019-06-13 17:27:09
0,440.100,740.246,Indonesia,,371.900,no,2019-03-13 13:50:25
0,401.160,584.766,Cameroon,,403.550,yes,2019-06-24 05:50:22
0,480.180,662.634,Falkland Islands (Malvinas),,326.100,no,2019-05-07 15:16:07
0,433.740,583.372,Estonia,,436.500,yes,2019-01-09 07:28:16
0,462.760,559.011,Saint Vincent and the Grenadines,,386.250,no,2019-04-25 16:58:50
1,239.720,443.041,Kenya,,246.750,yes,2019-04-07 20:38:02
0,411.420,591.061,Greece,,392.550,no,2019-01-17 13:27:13
0,454.740,565.701,Sweden,,398.000,no,2019-05-03 16:55:02
0,452.980,522.529,Vanuatu,,376.200,yes,2019-02-25 16:33:24
1,261.720,234.107,Belgium,,327.850,yes,2019-04-15 15:07:17
0,450.680,609.978,Antarctica (the territory South of 60 deg S),,387.500,no,2019-07-13 14:05:22
1,244.080,499.570,Liberia,,253.900,yes,2019-02-11 17:02:07
0,450.040,694.380,Bolivia,,360.900,yes,2019-06-10 22:21:10
1,249.080,282.100,Greece,,295.600,yes,2019-05-12 21:32:06
1,307.380,280.191,Zimbabwe,,248.350,yes,2019-05-09 08:44:55
0,458.240,671.865,Tanzania,,402.450,no,2019-02-14 03:50:52
1,258.500,418.666,Myanmar,,205.900,no,2019-07-05 00:54:11
0,496.240,388.174,Bahrain,,281.950,no,2019-03-23 21:06:51
1,511.140,357.645,Uruguay,,375.150,yes,2019-05-29 18:12:00
0,346.980,683.330,Myanmar,,369.700,yes,2019-02-10 13:46:35
0,446.320,603.152,Netherlands Antilles,,382.100,no,2019-04-17 18:38:14
1,217.700,443.072,United States Virgin Islands,,266.100,yes,2019-05-26 06:03:57
0,424.600,649.296,Saint Helena,,406.900,yes,2019-02-08 00:23:38
1,268.280,380.671,Tuvalu,,242.650,no,2019-02-08 10:46:14
1,510.140,280.287,Congo,,347.900,yes,2019-04-04 18:36:59
1,357.700,561.946,Antigua and Barbuda,,399.050,no,2019-05-31 11:44:45
0,476.200,627.924,Nepal,,386.550,yes,2019-06-17 20:18:27
1,250.900,567.708,Montenegro,,311.300,no,2019-04-07 15:18:10
0,387.260,755.351,French Polynesia,,299.400,no,2019-03-02 05:11:01
1,268.920,531.887,French Guiana,,244.300,yes,2019-01-09 17:33:03
1,251.700,641.479,Greece,,250.400,no,2019-04-10 02:02:36
0,399.520,718.818,Mauritius,,330.200,yes,2019-03-05 23:02:11
0,398.800,582.352,Timor-Leste,,435.700,no,2019-05-18 01:00:52
0,397.440,670.587,Sri Lanka,,427.000,yes,2019-06-08 18:54:01
0,440.960,645.641,Kazakhstan,,418.550,no,2019-04-17 19:10:56
1,272.800,310.929,Serbia,,233.850,no,2019-03-23 06:00:15
1,290.160,339.516,Fiji,,279.600,yes,2019-05-31 21:41:46
1,313.940,688.639,Indonesia,,219.850,no,2019-01-30 09:54:03
0,463.080,516.361,Ireland,,407.300,yes,2019-02-29 11:00:06
0,448.460,677.446,Croatia,,402.950,yes,2019-07-21 23:14:35
1,263.520,245.933,Australia,,330.000,no,2019-03-07 01:40:15
0,487.220,694.764,Pitcairn Islands,,330.900,yes,2019-03-25 08:40:15
0,420.460,616.101,Taiwan,,423.550,yes,2019-05-29 07:29:27
0,457.880,658.350,Bolivia,,381.050,no,2019-06-19 23:21:38
1,254.740,483.476,United States of America,,215.050,yes,2019-06-11 09:37:52
0,443.180,469.742,Luxembourg,,403.200,yes,2019-05-24 10:04:39
0,460.360,627.724,United Arab Emirates,,399.550,no,2019-06-17 03:02:55
0,478.640,640.459,Liberia,,392.850,no,2019-03-27 02:35:29
0,428.840,775.679,Antigua and Barbuda,,332.000,yes,2019-06-05 00:29:13
0,488.460,671.325,Vanuatu,,367.450,yes,2019-02-14 11:36:08
1,301.540,281.867,China,,355.150,yes,2019-03-12 07:18:36
0,389.900,701.851,Finland,,415.800,yes,2019-01-04 04:00:35
0,375.280,663.451,Singapore,,402.650,yes,2019-03-21 08:13:24
0,408.940,687.834,Grenada,,282.800,no,2019-02-03 22:11:13
1,247.020,583.484,Turks and Caicos Islands,,383.850,yes,2019-05-04 00:01:33
0,434.740,594.225,American Samoa,,330.150,yes,2019-05-31 23:32:00
0,465.360,599.672,Northern Mariana Islands,,382.200,no,2019-04-06 17:26:37
1,256.000,454.652,Congo,,247.100,no,2019-07-07 18:07:19
0,476.120,551.310,Albania,,401.900,yes,2019-03-10 07:07:31
1,391.780,428.383,Uganda,,182.800,yes,2019-01-01 15:14:24
1,274.400,539.224,Ethiopia,,232.150,no,2019-04-25 03:18:45
0,453.580,585.761,Comoros,,398.350,yes,2019-07-20 01:56:33
1,254.400,239.426,Western Sahara,,337.550,yes,2019-04-29 14:10:00
1,249.700,631.022,Australia,,257.800,yes,2019-01-07 13:58:51
1,322.480,511.712,Ghana,,199.300,yes,2019-02-23 13:55:48
0,446.560,515.127,Micronesia,,399.100,no,2019-07-17 22:04:54
0,430.360,705.051,Mali,,402.350,no,2019-02-21 05:23:28
1,241.700,578.467,Netherlands Antilles,,355.150,yes,2019-02-17 23:47:00
1,393.220,421.363,Lao People's Democratic Republic,,182.450,no,2019-03-09 00:41:46
0,448.020,464.032,Nepal,,445.900,no,2019-04-26 21:45:50
1,221.140,429.935,Argentina,,303.500,no,2019-06-19 03:19:44
1,380.100,401.592,Syrian Arab Republic,,163.000,yes,2019-02-12 03:39:09
1,216.340,429.079,Libyan Arab Jamahiriya,,267.200,no,2019-04-04 22:00:15
1,390.140,455.224,Peru,,178.800,yes,2019-07-18 04:53:22
1,319.380,546.452,Zimbabwe,,184.550,yes,2019-02-24 07:13:00
1,370.940,482.060,Mayotte,,163.000,yes,2019-05-02 18:37:01
0,420.920,536.731,Samoa,,427.800,yes,2019-06-05 13:16:24
0,330.860,509.502,Ghana,,370.350,no,2019-03-22 04:13:35
0,432.060,501.477,Senegal,,356.350,no,2019-01-11 12:46:31
1,267.980,534.417,Turkey,,393.500,yes,2019-02-10 19:20:51
0,322.840,642.355,Ecuador,,426.750,no,2019-02-17 11:15:31
1,302.940,414.173,United States Minor Outlying Islands,,180.400,no,2019-07-03 04:11:40
0,375.060,715.111,Afghanistan,,410.150,yes,2019-05-02 07:00:58
1,324.920,391.934,Colombia,,206.750,no,2019-03-03 03:51:27
1,248.680,261.309,Hong Kong,,278.700,no,2019-02-11 16:45:41
0,455.260,662.010,Isle of Man,,321.000,no,2019-02-11 23:45:01
0,504.140,578.450,Liberia,,391.450,yes,2019-01-05 20:58:42
0,512.180,618.339,Tunisia,,344.750,yes,2019-03-27 00:53:11
1,247.420,319.987,Bosnia and Herzegovina,,377.750,no,2019-03-12 06:05:12
1,262.580,562.427,Slovenia,,294.750,no,2019-06-20 08:34:46
0,397.000,739.109,Canada,,312.100,no,2019-03-10 23:36:03
0,460.720,639.652,Eritrea,,375.000,no,2019-02-16 02:29:03
0,408.040,649.025,Moldova,,422.700,no,2019-03-02 10:07:43
0,500.400,666.296,French Southern Territories,,309.350,no,2019-07-10 19:15:52
1,301.980,665.411,Christmas Island,,211.950,yes,2019-04-28 05:50:25
1,308.000,523.401,United States Minor Outlying Islands,,176.050,no,2019-03-25 06:36:53
0,446.400,587.767,Egypt,,414.000,no,2019-05-07 08:39:47
0,492.580,609.387,Anguilla,,370.300,no,2019-06-17 09:38:22
1,336.580,551.216,Cambodia,,213.000,yes,2019-07-11 18:12:43
1,254.220,687.871,South Africa,,311.650,yes,2019-06-21 13:15:21
0,414.960,455.939,Aruba,,432.050,no,2019-03-01 22:13:37
0,381.680,741.597,Venezuela,,364.700,yes,2019-04-29 13:38:19
0,381.420,794.848,Madagascar,,322.550,no,2019-04-29 07:49:01
0,436.440,741.801,Niue,,369.650,yes,2019-02-20 00:06:20
1,450.480,354.668,Uzbekistan,,188.750,yes,2019-02-26 19:48:23
0,445.260,745.438,Turks and Caicos Islands,,345.050,yes,2019-07-07 13:37:34
0,402.080,586.336,Brunei Darussalam,,380.300,yes,2019-04-27 04:28:17
0,523.040,473.574,Cayman Islands,,351.950,no,2019-07-12 10:56:21
0,355.100,674.796,Croatia,,403.000,yes,2019-04-07 03:56:16
1,232.140,422.516,Maldives,,323.950,yes,2019-02-17 20:22:49
0,425.840,642.387,Senegal,,426.150,no,2019-02-27 12:34:19
1,211.420,476.823,Moldova,,287.550,yes,2019-03-31 08:53:43
0,416.020,661.987,Ukraine,,388.250,yes,2019-02-26 19:35:54
0,452.900,697.105,Chile,,360.350,yes,2019-04-16 16:38:35
0,519.520,614.282,Guinea-Bissau,,342.050,yes,2019-04-30 15:27:22
1,270.960,222.057,Rwanda,,359.150,no,2019-02-18 22:42:33
0,406.460,623.122,Greenland,,395.750,yes,2019-01-20 19:09:37
0,491.520,335.026,Tajikistan,,375.950,no,2019-06-16 18:04:51
1,289.240,733.477,Liechtenstein,,296.050,no,2019-02-02 08:55:26
1,219.540,548.760,Papua New Guinea,,301.250,yes,2019-06-29 13:35:05
0,332.620,721.889,Japan,,357.000,yes,2019-05-24 17:07:08
0,415.920,616.259,Costa Rica,,402.300,no,2019-02-04 02:13:52
1,265.260,702.329,Macao,,291.750,yes,2019-06-12 21:21:53
0,448.880,648.023,Cameroon,,386.100,no,2019-01-05 07:52:48
0,350.340,672.403,Sudan,,374.400,no,2019-04-17 06:58:18
1,239.860,542.861,Italy,,240.050,yes,2019-04-25 11:01:54
0,449.840,638.797,Cook Islands,,328.250,no,2019-06-03 06:34:44
1,236.900,500.862,Uganda,,295.250,no,2019-04-23 03:46:34
1,517.240,510.675,Faroe Islands,,258.400,yes,2019-06-28 12:51:02
0,433.140,764.082,Finland,,338.450,yes,2019-07-18 18:33:05
0,416.480,644.340,Honduras,,334.450,no,2019-01-04 07:28:43
0,350.860,487.611,Tokelau,,427.700,no,2019-03-31 13:54:51
1,428.760,606.411,Philippines,,190.500,no,2019-05-30 18:08:19
0,401.100,736.003,Central African Republic,,387.550,yes,2019-07-01 04:41:57
1,293.600,550.021,Latvia,,339.550,no,2019-01-12 03:28:31
1,266.340,383.498,China,,222.850,no,2019-03-27 09:11:10
1,299.060,504.914,Bahamas,,235.000,yes,2019-04-29 20:40:21
0,473.280,621.613,Jamaica,,385.250,yes,2019-03-20 22:27:25
0,451.740,471.392,Djibouti,,421.550,yes,2019-01-06 21:43:22
1,271.340,659.567,Brazil,,253.000,yes,2019-01-15 22:49:45
1,338.360,319.476,Western Sahara,,207.450,yes,2019-07-03 09:22:30
1,391.820,293.986,Anguilla,,184.350,yes,2019-01-28 11:50:40
0,366.840,498.505,Austria,,417.100,no,2019-03-04 14:10:12
0,365.680,618.403,Burkina Faso,,426.200,no,2019-06-17 03:23:13
0,462.840,616.082,Cuba,,404.550,yes,2019-01-31 04:10:20
0,380.160,526.561,Cape Verde,,408.750,no,2019-04-29 18:53:43
1,246.480,559.849,Zimbabwe,,283.200,no,2019-02-27 08:52:50
0,493.440,673.074,Guyana,,356.400,no,2019-04-10 16:08:09
1,325.900,668.155,United Arab Emirates,,363.000,yes,2019-07-13 16:12:24
0,423.300,694.568,Bangladesh,,398.550,no,2019-07-02 14:57:53
1,256.340,620.601,South Africa,,371.600,yes,2019-05-23 21:14:38
0,394.300,608.059,China,,435.800,yes,2019-02-11 11:50:26
1,335.740,395.525,Northern Mariana Islands,,184.900,no,2019-03-17 06:25:47
1,303.080,462.391,Saudi Arabia,,301.150,no,2019-07-15 15:43:36
1,321.480,531.677,Libyan Arab Jamahiriya,,171.500,no,2019-05-16 14:50:22
1,277.360,567.822,Peru,,200.300,no,2019-06-11 08:38:16
1,380.820,629.395,Liberia,,254.350,yes,2019-05-10 17:13:47
0,379.820,486.795,Syrian Arab Republic,,433.800,yes,2019-02-10 08:21:13
0,499.080,635.517,Puerto Rico,,364.000,yes,2019-01-03 23:21:26
0,469.500,671.135,Martinique,,366.350,no,2019-01-29 20:16:54
0,467.200,599.985,Mauritius,,376.600,no,2019-01-01 21:58:55
0,443.580,736.875,Senegal,,365.200,no,2019-06-19 22:26:16
0,342.460,528.026,Armenia,,448.300,no,2019-02-03 15:15:42
1,302.240,673.843,Switzerland,,228.500,no,2019-05-26 10:33:00
0,398.780,396.991,Hong Kong,,407.900,yes,2019-05-11 22:02:17
0,509.140,553.534,Poland,,389.400,yes,2019-07-02 00:24:22
0,360.940,525.301,Gabon,,321.900,no,2019-05-27 05:23:26
1,275.260,605.830,Turkey,,215.350,no,2019-02-11 20:45:46
1,353.460,763.683,Cuba,,256.200,yes,2019-01-03 16:01:40
0,338.200,586.388,Slovakia (Slovak Republic),,444.100,yes,2019-01-30 00:05:37
1,346.020,631.270,Mayotte,,218.500,yes,2019-04-04 03:57:48
0,312.960,530.494,Kyrgyz Republic,,406.850,no,2019-02-15 12:25:28
1,230.700,527.363,Mexico,,361.150,yes,2019-07-17 01:13:56
0,430.880,676.334,United States Minor Outlying Islands,,378.500,yes,2019-01-14 00:23:10
1,256.740,624.637,Saint Martin,,244.300,no,2019-01-04 00:44:57
0,496.460,553.687,Mozambique,,392.050,no,2019-06-03 04:51:46
0,402.580,698.057,Lao People's Democratic Republic,,414.750,yes,2019-04-05 08:18:45
0,395.860,444.901,Lebanon,,293.000,no,2019-06-05 21:38:22
0,427.400,513.632,Zimbabwe,,407.800,no,2019-07-13 21:31:14
1,345.160,312.658,Georgia,,178.250,no,2019-05-10 07:22:37
0,482.760,503.561,United States of America,,399.450,no,2019-05-30 08:35:54
1,350.740,216.449,Lithuania,,234.900,yes,2019-05-04 09:00:24
1,210.440,513.173,Rwanda,,319.450,yes,2019-01-08 00:17:27
0,425.180,729.488,South Georgia and the South Sandwich Islands,,384.350,yes,2019-07-08 22:30:10
1,210.300,478.619,Puerto Rico,,288.800,yes,2019-06-12 15:25:44
1,273.700,199.917,Madagascar,,319.400,yes,2019-02-29 23:56:06
1,252.780,391.315,Honduras,,296.100,no,2019-01-13 02:39:00
0,500.000,550.416,Holy See (Vatican City State),,349.850,yes,2019-05-22 00:01:58
1,248.640,399.394,Senegal,,283.900,yes,2019-06-19 23:04:45
0,444.700,651.866,Saint Martin,,406.250,no,2019-04-16 14:15:55
0,411.680,660.273,Mali,,407.250,no,2019-05-30 21:22:22
1,213.920,438.817,Czech Republic,,275.200,no,2019-06-15 05:43:02
0,376.540,663.593,Singapore,,431.900,no,2019-03-19 14:57:00
1,218.140,426.967,Australia,,288.500,yes,2019-03-14 23:13:11
1,334.440,668.739,Serbia,,302.650,yes,2019-03-25 15:17:39
1,308.040,224.731,Hong Kong,,228.600,no,2019-04-19 15:14:58
0,398.160,744.301,Colombia,,353.400,yes,2019-07-17 01:58:53
1,286.840,282.718,Svalbard & Jan Mayen Islands,,330.900,yes,2019-01-10 23:14:30
1,340.980,208.565,Chile,,218.000,yes,2019-01-11 07:36:22
1,302.500,460.337,Mongolia,,175.000,no,2019-06-18 16:02:34
1,263.360,553.362,Falkland Islands (Malvinas),,305.450,no,2019-04-09 16:31:15
0,455.120,724.240,Kazakhstan,,358.700,yes,2019-07-19 18:06:22
1,368.460,589.662,Cuba,,330.400,no,2019-01-07 23:02:43
0,393.520,629.280,Mauritania,,408.350,no,2019-03-04 08:48:29
1,238.400,327.089,British Virgin Islands,,351.000,yes,2019-04-14 05:08:35
1,234.600,339.873,Thailand,,250.950,yes,2019-03-25 19:02:35
1,263.440,325.370,Norfolk Island,,392.650,yes,2019-04-22 20:10:22
0,461.040,707.013,Jamaica,,372.900,yes,2019-07-22 11:05:10
1,396.600,605.760,Burkina Faso,,333.950,no,2019-04-07 20:34:42
1,240.980,410.972,Fiji,,245.650,yes,2019-01-29 00:45:19
1,303.880,609.686,Zambia,,249.800,no,2019-04-04 00:02:20
0,461.800,612.701,French Polynesia,,409.950,yes,2019-02-15 14:13:47
1,238.060,638.838,Switzerland,,306.100,no,2019-01-05 09:42:22
1,421.740,735.381,Svalbard & Jan Mayen Islands,,236.150,no,2019-03-17 22:24:02
0,448.400,588.202,Madagascar,,382.200,no,2019-01-05 06:34:20
1,211.260,460.243,Niger,,309.200,no,2019-05-05 11:07:13
1,222.040,530.129,Mayotte,,270.400,no,2019-06-02 04:14:37
1,505.200,510.134,Denmark,,366.050,no,2019-05-12 20:57:10
0,431.860,604.657,Cote d'Ivoire,,320.500,yes,2019-04-01 16:21:05
0,357.020,750.444,Barbados,,381.000,yes,2019-02-29 19:26:35
1,364.400,270.733,Tunisia,,214.200,no,2019-03-21 11:02:49
0,422.760,566.051,El Salvador,,368.550,no,2019-02-15 05:35:54
1,252.220,442.177,Cyprus,,209.400,no,2019-02-28 23:54:44
0,511.220,650.446,Mayotte,,337.900,no,2019-02-01 19:42:40
1,249.160,624.661,Costa Rica,,289.950,yes,2019-02-12 08:46:15
1,402.300,286.799,Germany,,410.600,no,2019-02-03 10:40:27
0,339.760,488.526,Angola,,388.450,no,2019-06-21 14:32:32
0,462.140,613.838,Somalia,,413.500,yes,2019-01-09 15:49:28
0,427.920,583.631,Bulgaria,,444.250,yes,2019-01-17 18:45:55
0,403.080,641.885,Singapore,,389.450,yes,2019-05-15 03:10:50
0,413.960,578.684,Falkland Islands (Malvinas),,445.250,yes,2019-04-03 10:07:56
1,277.040,538.989,Pitcairn Islands,,199.800,no,2019-02-28 23:21:22
0,397.720,764.802,Vanuatu,,341.250,no,2019-05-30 08:02:35
1,278.680,479.298,Mexico,,199.350,no,2019-06-13 06:11:33
1,227.060,566.833,Malawi,,362.300,yes,2019-05-01 09:23:25
0,298.500,489.186,France,,439.850,no,2019-03-24 05:38:01
1,539.920,502.789,Sierra Leone,,285.250,no,2019-01-09 03:45:19
0,437.940,667.446,Macedonia,,412.000,no,2019-06-29 03:07:51
0,473.440,614.673,Indonesia,,397.650,yes,2019-02-28 22:02:14
0,423.120,610.091,Heard Island and McDonald Islands,,437.300,no,2019-06-16 03:17:45
0,506.340,518.473,United States Virgin Islands,,399.050,yes,2019-05-13 14:12:39
0,516.520,418.846,Uzbekistan,,382.900,yes,2019-01-03 16:30:51
0,439.100,731.742,Malta,,380.100,yes,2019-07-13 14:30:14
1,216.360,382.609,Afghanistan,,309.400,yes,2019-05-30 08:02:27
0,420.540,521.790,French Polynesia,,439.250,no,2019-06-14 19:48:34
1,267.800,401.837,Norway,,202.100,no,2019-03-16 07:59:37
1,271.440,682.114,Hungary,,366.500,no,2019-01-30 04:38:41
1,304.720,623.781,Mayotte,,196.250,yes,2019-01-23 17:39:06
1,358.080,145.481,Lebanon,,331.300,no,2019-04-25 19:31:39
0,444.220,566.376,Cambodia,,439.900,no,2019-03-31 10:44:46
1,238.640,574.259,Saint Helena,,252.150,no,2019-05-07 17:11:49
0,489.740,494.575,Netherlands Antilles,,401.450,no,2019-06-30 00:40:31
1,218.000,491.115,Greenland,,265.700,no,2019-07-03 22:13:19
0,411.000,569.867,Haiti,,419.850,no,2019-06-16 02:33:22
0,455.460,749.034,Honduras,,340.500,no,2019-02-05 16:50:58
0,359.160,781.195,Belgium,,344.400,yes,2019-02-09 19:37:52
0,516.120,379.083,Czech Republic,,373.550,no,2019-06-13 11:06:40
1,264.540,576.680,Malta,,348.850,yes,2019-06-01 03:17:50
0,473.000,597.859,San Marino,,347.350,yes,2019-03-13 20:35:42
0,405.800,695.625,Sri Lanka,,395.800,no,2019-03-30 20:23:48
0,483.600,471.691,Belgium,,422.950,no,2019-04-26 13:13:20
0,414.340,596.776,Dominican Republic,,285.550,no,2019-06-07 23:46:51
0,430.580,683.245,Uruguay,,393.950,no,2019-02-21 13:11:08
0,421.200,774.601,Turks and Caicos Islands,,345.400,yes,2019-03-12 01:39:19
1,229.380,335.539,Jamaica,,308.800,yes,2019-05-27 08:53:51
0,437.580,704.101,Saudi Arabia,,348.900,yes,2019-05-24 18:35:58
1,337.840,579.833,Eritrea,,181.550,yes,2019-04-18 00:49:33
1,313.980,272.411,New Zealand,,233.050,yes,2019-04-05 05:54:15
0,488.800,542.518,Sri Lanka,,415.850,no,2019-04-05 18:02:49
0,324.880,580.196,Nauru,,379.150,yes,2019-01-17 15:10:31
1,232.540,634.936,Jersey,,310.300,no,2019-03-16 20:10:53
1,264.760,612.300,Indonesia,,242.300,no,2019-01-21 23:33:22
0,470.560,602.835,Nicaragua,,393.200,no,2019-01-16 17:56:05
0,414.880,636.643,Tonga,,411.850,yes,2019-06-29 04:23:10
1,253.900,428.982,China,,208.500,yes,2019-05-27 05:35:27
1,289.420,608.128,Cote d'Ivoire,,208.650,yes,2019-04-08 22:48:25
0,444.160,658.828,Nicaragua,,412.050,yes,2019-04-12 04:22:42
0,342.140,598.866,Fiji,,445.750,yes,2019-04-25 07:30:21
0,352.560,691.128,New Zealand,,290.900,no,2019-02-10 06:37:56
1,333.700,315.231,Somalia,,219.400,no,2019-06-04 17:24:07
0,372.960,639.248,Lebanon,,424.400,yes,2019-04-18 03:41:56
1,439.380,669.290,Saint Kitts and Nevis,,252.600,yes,2019-04-03 06:17:22
1,300.580,617.703,South Africa,,343.050,yes,2019-04-10 19:48:01
1,246.260,627.848,France,,283.500,yes,2019-01-09 04:53:22
1,387.160,533.501,Guinea-Bissau,,166.650,no,2019-01-17 09:31:36
1,280.780,509.601,Equatorial Guinea,,206.400,yes,2019-01-29 03:54:19
0,471.120,680.335,Denmark,,380.350,yes,2019-01-23 01:42:28
1,241.500,659.634,United Kingdom,,300.350,no,2019-04-15 10:16:49
1,282.440,662.815,Christmas Island,,229.800,yes,2019-06-03 00:55:23
1,360.840,193.454,Heard Island and McDonald Islands,,240.450,yes,2019-05-28 12:38:37
0,491.560,572.604,Bosnia and Herzegovina,,396.800,no,2019-04-28 22:54:37
0,426.760,657.912,Lao People's Democratic Republic,,347.100,yes,2019-02-13 04:16:08
1,241.900,634.510,Mauritius,,353.300,no,2019-02-26 04:57:14
1,479.040,493.091,Australia,,391.600,yes,2019-06-26 11:52:18
0,439.880,459.599,Christmas Island,,400.250,no,2019-03-08 05:48:20
1,247.240,661.938,Montenegro,,345.850,yes,2019-03-06 11:36:06
1,235.320,630.010,Venezuela,,323.750,yes,2019-04-06 01:19:08
0,391.120,633.200,Cambodia,,393.350,yes,2019-02-20 09:54:06
1,353.400,516.005,Bulgaria,,187.900,no,2019-04-13 13:04:47
0,425.740,520.110,Austria,,375.750,no,2019-05-04 12:06:18
1,309.540,518.127,Iceland,,193.250,no,2019-05-24 09:50:41
0,422.240,646.312,Libyan Arab Jamahiriya,,365.750,no,2019-01-29 07:14:04
1,244.040,456.325,Qatar,,238.200,yes,2019-03-16 20:19:01
1,284.460,257.672,Luxembourg,,253.150,yes,2019-03-10 15:07:44
0,383.640,757.698,Czech Republic,,364.100,no,2019-01-27 16:06:05
0,380.500,641.224,Gibraltar,,419.300,yes,2019-02-05 19:06:01
0,419.640,461.800,Bouvet Island (Bouvetoya),,380.100,yes,2019-01-27 12:38:16
0,494.100,651.810,Burkina Faso,,371.350,no,2019-01-31 09:57:34
1,287.120,309.760,Barbados,,214.750,yes,2019-03-24 09:31:49
0,439.440,537.671,Timor-Leste,,430.300,no,2019-04-28 18:34:56
1,386.300,698.685,Cayman Islands,,394.800,yes,2019-02-12 01:55:38
1,239.300,518.699,Afghanistan,,259.350,yes,2019-03-10 22:28:52
1,240.240,282.755,Saint Pierre and Miquelon,,328.600,yes,2019-02-13 13:57:53
1,400.460,596.210,Czech Republic,,174.350,yes,2019-06-12 17:52:43
0,512.800,551.879,Saint Pierre and Miquelon,,354.800,yes,2019-06-26 07:01:47
1,336.680,407.631,Guatemala,,422.650,yes,2019-01-04 21:48:38
0,461.740,624.910,Burundi,,415.350,no,2019-05-08 08:10:10
1,246.160,610.045,Hungary,,245.950,yes,2019-05-12 12:11:12
1,278.640,376.051,Cyprus,,209.200,yes,2019-05-01 08:27:12
0,392.460,680.949,Qatar,,401.150,yes,2019-03-19 14:23:45
0,425.120,676.691,French Southern Territories,,373.250,yes,2019-03-17 05:00:12
1,281.280,521.822,Spain,,317.250,no,2019-03-09 03:41:30
1,238.600,513.154,Belgium,,231.000,yes,2019-04-03 11:38:36
1,305.880,437.089,Namibia,,389.000,yes,2019-02-14 14:38:01
1,388.880,470.510,Iran,,176.250,yes,2019-01-03 04:39:47
0,370.900,617.480,Nepal,,399.850,no,2019-01-08 19:38:45
0,422.340,547.259,Belarus,,350.450,yes,2019-01-22 12:58:14
1,342.620,473.919,Japan,,200.850,no,2019-02-01 14:37:34
1,265.100,538.170,Saint Martin,,208.350,yes,2019-06-13 18:50:00
0,397.120,622.386,Chad,,433.450,yes,2019-05-27 06:19:27
1,242.100,420.429,Albania,,369.200,yes,2019-06-18 17:23:26
